model,mean_accuracy,std_accuracy,max_accuracy,min_accuracy,type
relu,0.9825688073394496,0.012570986954948,1.0,0.944954128440367,train
sigmoid,0.9805504587155964,0.010710226845512,1.0,0.9587155963302753,train
tanh,0.9844036697247708,0.0124680849216516,1.0,0.9495412844036696,train
relu,0.892183908045977,0.0275637174729244,0.942528735632184,0.8275862068965517,infer
sigmoid,0.8864367816091955,0.0442217126489666,0.942528735632184,0.7241379310344828,infer
tanh,0.8980990274093723,0.0337637338206295,0.9540229885057472,0.8045977011494253,infer
