model,mean_accuracy,std_accuracy
relu train,0.9825688073394496,0.012570986954948
sigmoid train,0.9787542250120717,0.0119628679413188
tanh train,0.9844036697247708,0.0124680849216516
relu infer,0.892183908045977,0.0275637174729244
tanh infer,0.896551724137931,
