model,mean_accuracy,std_accuracy
relu,0.892183908045977,0.027563717472924434
sigmoid,0.8864367816091955,0.04422171264896662
tanh,0.8958620689655173,0.0324616878714259
