model,mean_accuracy,std_accuracy
relu,0.892183908045977,0.027563717472924434
tanh,0.896551724137931,
