model,mean_accuracy,std_accuracy
relu,0.9825688073394495,0.012570986954948089
sigmoid,0.9787542250120715,0.01196286794131882
tanh,0.9844036697247707,0.012468084921651666
