model,mean_accuracy,std_accuracy
relu,0.9825688073394495,0.012570986954948089
sigmoid,0.9805504587155963,0.010710226845512072
tanh,0.9844036697247707,0.012468084921651666
